Loan_ID,Principal,terms,effective_date,due_date,paid_off_time,past_due_days,age,education,Gender
xqd20166231,1000,30,9/8/16,10/7/16,9/14/16 19:31,0,45,High School or Below,male
xqd20168902,1000,30,9/8/16,10/7/16,10/7/16 09:00,0,50,Bechalor,female
xqd20160003,1000,30,9/8/16,10/7/16,9/25/16 16:58,0,33,Bechalor,female
xqd20160004,1000,15,9/8/16,9/22/16,9/22/16 20:00,0,27,college,male
xqd20160005,1000,30,9/9/16,10/8/16,9/23/16 21:36,0,28,college,female
xqd20160706,300,7,9/9/16,9/15/16,9/9/16 13:45,0,35,Master or Above,male
xqd20160007,1000,30,9/9/16,10/8/16,10/7/16 23:07,0,29,college,male
xqd20160008,1000,30,9/9/16,10/8/16,10/5/16 20:33,0,36,college,male
xqd20160909,1000,30,9/9/16,10/8/16,10/8/16 16:00,0,28,college,male
xqd20160010,800,15,9/10/16,9/24/16,9/24/16 13:00,0,26,college,male
xqd20160011,300,7,9/10/16,9/16/16,9/11/16 19:11,0,29,college,male
xqd20160012,1000,15,9/10/16,10/9/16,10/9/16 16:00,0,39,High School or Below,male
xqd20160013,1000,30,9/10/16,10/9/16,10/7/16 23:32,0,26,college,male
xqd20160014,900,7,9/10/16,9/16/16,9/13/16 21:57,0,26,college,female
xqd20160015,1000,7,9/10/16,9/16/16,9/15/16 14:27,0,27,High School or Below,male
xqd20160016,800,15,9/10/16,9/24/16,9/24/16 16:00,0,26,college,male
xqd20160017,1000,30,9/10/16,10/9/16,9/27/16 14:21,0,40,High School or Below,male
xqd20160018,1000,15,9/10/16,9/24/16,9/23/16 18:49,0,32,High School or Below,male
xqd20160019,1000,30,9/10/16,10/9/16,10/5/16 22:05,0,32,High School or Below,male
xqd20160020,800,30,9/10/16,10/9/16,9/23/16 07:42,0,26,college,male
xqd20160021,1000,30,9/10/16,10/9/16,10/9/16 09:00,0,26,college,male
xqd20160022,1000,30,9/10/16,10/9/16,10/8/16 17:09,0,43,High School or Below,female
xqd20160023,1000,30,9/10/16,10/9/16,10/9/16 23:00,0,25,High School or Below,male
xqd20160024,1000,15,9/10/16,9/24/16,9/24/16 13:00,0,26,college,male
xqd20160025,1000,30,9/10/16,10/9/16,10/3/16 12:50,0,26,college,male
xqd20160026,1000,30,9/10/16,10/9/16,9/29/16 12:18,0,29,High School or Below,male
xqd20160027,800,15,9/10/16,9/24/16,9/21/16 20:16,0,39,Bechalor,male
xqd20170088,1000,15,9/10/16,9/24/16,9/23/16 08:21,0,34,Bechalor,male
xqd20160029,1000,30,9/11/16,10/10/16,9/22/16 19:17,0,31,college,male
xqd20160030,1000,30,9/11/16,10/10/16,10/9/16 17:33,0,33,college,male
xqd88160031,800,15,9/11/16,9/25/16,9/24/16 14:41,0,33,High School or Below,male
xqd20160032,1000,30,9/11/16,10/10/16,10/7/16 21:48,0,37,college,male
xqd20160033,1000,30,9/11/16,10/10/16,10/9/16 17:44,0,27,college,male
xqd22169034,1000,30,9/11/16,10/10/16,10/9/16 07:24,0,37,college,male
xqd20160035,800,15,9/11/16,9/25/16,9/25/16 21:49,0,33,college,male
xqd20160036,800,15,9/11/16,9/25/16,9/25/16 09:00,0,29,Bechalor,male
xqd20160037,1000,30,9/11/16,10/10/16,10/10/16 16:00,0,27,High School or Below,male
xqd20160038,700,15,9/11/16,9/25/16,9/25/16 13:00,0,33,High School or Below,male
xqd20160039,1000,15,9/11/16,9/25/16,9/25/16 09:00,0,24,college,male
xqd20160040,1000,30,9/11/16,10/10/16,10/10/16 11:33,0,21,Bechalor,male
xqd20160041,1000,15,9/11/16,9/25/16,9/25/16 09:00,0,32,college,female
xqd20160042,800,15,9/11/16,9/25/16,9/25/16 14:36,0,30,college,male
xqd20160043,1000,7,9/11/16,9/24/16,9/24/16 09:00,0,31,Bechalor,male
xqd20160044,1000,15,9/11/16,9/25/16,9/20/16 15:00,0,30,college,male
xqd20160045,1000,15,9/11/16,9/25/16,9/21/16 22:29,0,24,Bechalor,female
xqd20160046,800,7,9/11/16,9/17/16,9/12/16 22:17,0,35,High School or Below,male
xqd20160047,1000,30,9/11/16,10/10/16,10/8/16 14:14,0,22,High School or Below,male
xqd20160048,1000,30,9/11/16,10/10/16,10/9/16 08:53,0,32,college,male
xqd20160049,1000,30,9/11/16,10/10/16,10/10/16 09:00,0,32,Bechalor,male
xqd20160050,800,15,9/11/16,9/25/16,9/25/16 19:21,0,50,High School or Below,male
xqd20160051,800,15,9/11/16,9/25/16,9/25/16 13:00,0,27,college,female
xqd20160052,1000,30,9/11/16,10/10/16,10/10/16 09:00,0,35,Bechalor,female
xqd20160053,800,15,9/11/16,9/25/16,9/13/16 04:34,0,35,Bechalor,female
xqd20160054,1000,30,9/11/16,10/10/16,10/10/16 09:00,0,34,High School or Below,male
xqd20160055,1000,30,9/11/16,10/10/16,10/10/16 16:00,0,21,High School or Below,male
xqd20160056,1000,15,9/11/16,9/25/16,9/25/16 16:00,0,25,college,male
xqd20160057,1000,30,9/11/16,10/10/16,10/10/16 09:00,0,27,High School or Below,male
xqd20160058,1000,30,9/11/16,10/10/16,10/7/16 02:33,0,26,Bechalor,male
xqd20160059,800,15,9/11/16,9/25/16,9/24/16 11:40,0,44,High School or Below,female
xqd20160060,800,15,9/11/16,9/25/16,9/22/16 06:38,0,39,Master or Above,male
xqd20160061,1000,30,9/11/16,10/10/16,9/30/16 21:12,0,34,Bechalor,male
xqd20160062,1000,15,9/11/16,9/25/16,9/24/16 13:42,0,37,college,male
xqd20160063,1000,30,9/11/16,10/10/16,10/8/16 07:25,0,34,High School or Below,male
xqd20160064,1000,30,9/11/16,10/10/16,9/12/16 11:40,0,45,college,male
xqd20160065,800,15,9/11/16,9/25/16,9/25/16 14:38,0,24,High School or Below,male
xqd20160066,900,15,9/11/16,9/25/16,9/25/16 23:00,0,28,college,male
xqd20160067,1000,30,9/11/16,10/10/16,10/8/16 12:04,0,28,Bechalor,male
xqd20160068,1000,30,9/11/16,10/10/16,10/10/16 09:00,0,37,High School or Below,male
xqd20160069,300,7,9/11/16,9/17/16,9/14/16 22:05,0,35,college,male
xqd20160070,1000,30,9/11/16,10/10/16,9/24/16 13:27,0,43,Bechalor,male
xqd20160071,800,15,9/11/16,9/25/16,9/22/16 21:18,0,29,college,male
xqd20160072,800,15,9/11/16,9/25/16,9/24/16 22:53,0,29,High School or Below,male
xqd20160073,1000,30,9/11/16,10/10/16,10/10/16 16:00,0,33,Bechalor,female
xqd20160074,1000,15,9/11/16,9/25/16,9/25/16 09:00,0,34,college,male
xqd20160075,1000,15,9/11/16,9/25/16,9/25/16 09:00,0,25,college,male
xqd20160076,1000,30,9/11/16,10/10/16,10/8/16 13:12,0,30,High School or Below,male
xqd20160077,1000,30,9/11/16,10/10/16,10/9/16 13:49,0,31,Bechalor,male
xqd20160078,1000,30,9/11/16,10/10/16,10/10/16 09:00,0,35,college,male
xqd20160079,1000,30,9/11/16,10/10/16,9/30/16 14:29,0,37,college,female
xqd20160080,1000,30,9/11/16,10/10/16,10/10/16 09:00,0,44,High School or Below,female
xqd20160081,1000,30,9/11/16,10/10/16,9/21/16 16:18,0,28,High School or Below,male
xqd20160082,1000,7,9/11/16,9/17/16,9/13/16 14:53,0,25,college,male
xqd20160083,1000,15,9/11/16,9/25/16,9/25/16 09:00,0,29,college,male
xqd20160084,800,15,9/11/16,9/25/16,9/25/16 13:00,0,33,college,male
xqd20160085,1000,30,9/11/16,10/10/16,10/10/16 13:00,0,37,High School or Below,female
xqd20160086,1000,30,9/11/16,11/9/16,11/9/16 09:00,0,33,college,male
xqd20160087,1000,30,9/11/16,10/10/16,10/10/16 09:00,0,24,High School or Below,female
xqd20160088,1000,30,9/11/16,10/10/16,9/17/16 13:01,0,27,college,female
xqd20160089,800,15,9/11/16,9/25/16,9/21/16 09:35,0,43,Bechalor,male
xqd90160090,800,15,9/11/16,9/25/16,9/24/16 20:33,0,46,High School or Below,female
xqd91160291,800,15,9/11/16,9/25/16,9/25/16 09:00,0,34,college,female
xqd90160092,1000,7,9/11/16,9/17/16,9/17/16 09:00,0,32,Bechalor,female
xqd90163093,800,15,9/11/16,9/25/16,9/24/16 00:12,0,38,High School or Below,male
xqd20160094,800,15,9/11/16,9/25/16,9/21/16 12:43,0,27,High School or Below,male
xqd20167095,1000,30,9/11/16,10/10/16,10/10/16 13:00,0,33,High School or Below,male
xqd20160096,1000,30,9/11/16,10/10/16,10/8/16 20:49,0,36,college,male
xqd20160097,1000,15,9/11/16,9/25/16,9/20/16 05:38,0,26,High School or Below,male
xqd20160098,1000,30,9/11/16,10/10/16,10/10/16 09:01,0,34,college,male
xqd20160099,1000,30,9/11/16,10/10/16,10/10/16 09:01,0,22,High School or Below,male
xqd20160100,1000,30,9/11/16,10/10/16,10/8/16 16:55,0,31,Bechalor,female
xqd20160101,1000,7,9/11/16,9/17/16,9/17/16 09:00,0,29,High School or Below,male
xqd20160102,800,15,9/11/16,9/25/16,9/25/16 09:00,0,38,college,male
xqd20160103,1000,30,9/11/16,10/10/16,10/10/16 16:00,0,30,college,male
xqd20160104,1000,15,9/11/16,9/25/16,9/25/16 23:48,0,45,High School or Below,male
xqd20160105,1000,15,9/11/16,9/25/16,9/22/16 13:15,0,35,college,male
xqd20160106,1000,30,9/11/16,10/10/16,9/23/16 13:31,0,30,college,male
xqd20160107,1000,30,9/11/16,10/10/16,10/8/16 17:19,0,31,High School or Below,male
xqd20160108,1000,30,9/11/16,10/10/16,10/10/16 09:01,0,31,High School or Below,male
xqd20160109,1000,30,9/11/16,10/10/16,10/9/16 13:05,0,28,college,male
xqd20160110,1000,7,9/11/16,9/24/16,9/24/16 13:00,0,29,college,male
xqd20160111,800,15,9/11/16,9/25/16,9/20/16 20:47,0,29,college,male
xqd20160112,1000,30,9/11/16,11/9/16,11/9/16 09:00,0,27,college,female
xqd20160113,1000,30,9/11/16,10/10/16,10/10/16 09:01,0,27,college,male
xqd20160114,1000,30,9/11/16,10/10/16,10/10/16 13:01,0,33,college,male
xqd20160115,1000,30,9/11/16,10/10/16,10/8/16 21:39,0,28,college,male
xqd20160116,1000,15,9/11/16,9/25/16,9/25/16 23:00,0,25,High School or Below,male
xqd20160117,1000,30,9/11/16,10/10/16,10/7/16 14:23,0,40,college,male
xqd20160118,1000,30,9/11/16,10/10/16,10/6/16 15:25,0,23,High School or Below,male
xqd20160119,1000,30,9/11/16,10/10/16,10/8/16 06:56,0,35,Bechalor,male
xqd20160120,800,15,9/11/16,9/25/16,9/16/16 11:58,0,24,college,male
xqd20160121,1000,30,9/11/16,10/10/16,10/10/16 16:01,0,34,college,male
xqd20160122,1000,30,9/11/16,10/10/16,9/27/16 07:02,0,22,High School or Below,male
xqd20160123,1000,15,9/11/16,10/25/16,10/25/16 09:00,0,20,college,male
xqd20160124,1000,15,9/11/16,9/25/16,9/24/16 11:02,0,23,college,male
xqd20160125,1000,30,9/11/16,10/10/16,9/29/16 18:57,0,33,college,male
xqd20160126,1000,30,9/11/16,10/10/16,10/10/16 13:01,0,26,college,male
xqd20160127,1000,15,9/11/16,9/25/16,9/25/16 09:00,0,28,High School or Below,male
xqd20160128,800,15,9/11/16,9/25/16,9/25/16 12:24,0,43,High School or Below,male
xqd78160129,1000,15,9/11/16,9/25/16,9/25/16 13:00,0,34,Bechalor,male
xqd20160130,1000,30,9/11/16,10/10/16,9/26/16 04:41,0,38,Bechalor,male
xqd20160131,1000,15,9/11/16,9/25/16,9/22/16 15:44,0,26,High School or Below,male
xqd20160132,800,15,9/11/16,9/25/16,9/25/16 16:00,0,43,High School or Below,male
xqd20160133,1000,30,9/11/16,10/10/16,10/10/16 16:13,0,26,High School or Below,male
xqd20160134,1000,30,9/11/16,10/10/16,9/30/16 07:12,0,33,college,female
xqd20160135,800,15,9/11/16,9/25/16,9/23/16 11:26,0,24,college,male
xqd20160136,1000,30,9/11/16,10/10/16,9/12/16 10:26,0,30,High School or Below,male
xqd20160137,800,15,9/11/16,9/25/16,9/25/16 13:00,0,32,High School or Below,female
xqd20160138,1000,15,9/11/16,10/25/16,10/25/16 09:00,0,22,college,male
xqd20160139,1000,15,9/11/16,9/25/16,9/22/16 21:45,0,47,High School or Below,male
xqd56160140,1000,30,9/11/16,10/10/16,10/9/16 20:28,0,20,High School or Below,male
xqd20160141,1000,30,9/11/16,10/10/16,10/1/16 16:48,0,28,High School or Below,male
xqd20160142,800,15,9/11/16,9/25/16,9/25/16 09:01,0,35,college,male
xqd20160143,1000,7,9/11/16,9/17/16,9/15/16 20:36,0,27,High School or Below,male
xqd20160144,800,15,9/11/16,9/25/16,9/21/16 15:33,0,33,college,female
xqd20160145,1000,30,9/11/16,10/10/16,9/29/16 13:36,0,30,High School or Below,male
xqd20160146,1000,15,9/11/16,9/25/16,9/22/16 20:51,0,31,college,male
xqd20160147,1000,30,9/11/16,11/9/16,11/9/16 23:00,0,26,college,female
xqd20160148,300,7,9/12/16,9/18/16,9/18/16 09:00,0,37,Master or Above,male
xqd20160149,1000,15,9/12/16,9/26/16,9/26/16 09:00,0,26,Bechalor,male
xqd20160150,800,15,9/12/16,9/26/16,9/24/16 10:14,0,35,Bechalor,male
xqd20160151,1000,15,9/12/16,10/26/16,10/26/16 09:00,0,29,college,male
xqd34160152,800,15,9/12/16,9/26/16,9/23/16 20:30,0,23,college,male
xqd20160153,500,15,9/12/16,9/26/16,9/13/16 20:17,0,23,college,female
xqd20160154,1000,15,9/12/16,9/26/16,9/26/16 09:00,0,30,college,male
xqd20160155,1000,30,9/12/16,10/11/16,10/10/16 07:01,0,34,college,male
xqd20160156,1000,30,9/12/16,10/11/16,10/11/16 13:00,0,36,High School or Below,female
xqd20160157,1000,15,9/12/16,9/26/16,9/26/16 09:00,0,26,Bechalor,male
xqd20160158,800,15,9/12/16,9/26/16,9/24/16 14:55,0,29,High School or Below,male
xqd12160159,1000,15,9/12/16,9/26/16,9/26/16 09:00,0,28,college,female
xqd20160160,1000,30,9/12/16,10/11/16,9/25/16 20:56,0,27,High School or Below,male
xqd20160161,1000,15,9/12/16,9/26/16,9/22/16 10:49,0,24,High School or Below,male
xqd20160162,800,15,9/12/16,9/26/16,9/25/16 22:09,0,31,Bechalor,male
xqd20160163,1000,30,9/12/16,10/11/16,10/11/16 09:00,0,28,High School or Below,male
xqd28160164,1000,15,9/12/16,9/26/16,9/26/16 09:00,0,27,college,female
xqd20160165,1000,15,9/12/16,9/26/16,9/26/16 19:33,0,25,High School or Below,male
xqd20160166,1000,30,9/12/16,11/10/16,11/10/16 16:00,0,24,High School or Below,male
xqd20160167,1000,30,9/12/16,10/11/16,10/11/16 16:00,0,28,college,male
xqd20160168,800,30,9/12/16,10/11/16,10/11/16 16:00,0,28,college,male
xqd20160169,1000,15,9/12/16,9/26/16,9/26/16 13:00,0,35,High School or Below,male
xqd27160170,1000,30,9/12/16,10/11/16,10/11/16 13:00,0,38,college,male
xqd20160171,1000,15,9/12/16,9/26/16,9/26/16 16:00,0,38,High School or Below,male
xqd20160172,1000,30,9/12/16,10/11/16,10/11/16 16:00,0,29,college,male
xqd20160173,800,15,9/12/16,9/26/16,9/26/16 13:00,0,35,High School or Below,male
xqd20160174,1000,30,9/12/16,10/11/16,9/17/16 07:39,0,24,college,male
xqd20160175,800,15,9/12/16,9/26/16,9/22/16 10:30,0,39,High School or Below,male
xqd20160176,800,15,9/12/16,9/26/16,9/26/16 13:00,0,25,college,male
xqd20160177,1000,30,9/12/16,10/11/16,10/11/16 16:00,0,38,High School or Below,male
xqd20160178,1000,30,9/12/16,10/11/16,10/10/16 20:41,0,30,college,male
xqd20160179,1000,30,9/12/16,10/11/16,10/11/16 09:00,0,21,High School or Below,male
xqd20160180,1000,30,9/12/16,10/11/16,10/10/16 08:04,0,46,college,male
xqd20160181,1000,15,9/12/16,9/26/16,9/24/16 11:00,0,31,High School or Below,female
xqd20160182,300,7,9/12/16,9/18/16,9/17/16 09:25,0,29,High School or Below,male
xqd20160183,1000,30,9/12/16,10/11/16,10/7/16 11:53,0,35,High School or Below,male
xqd20160184,800,15,9/12/16,9/26/16,9/25/16 08:39,0,30,High School or Below,male
xqd20160185,1000,30,9/12/16,10/11/16,10/11/16 09:00,0,27,High School or Below,male
xqd20160186,1000,30,9/12/16,10/11/16,10/10/16 20:28,0,31,High School or Below,female
xqd20160187,1000,30,9/12/16,10/11/16,10/1/16 10:18,0,33,Bechalor,male
xqd20160188,1000,15,9/12/16,9/26/16,9/26/16 16:00,0,34,High School or Below,male
xqd20160189,800,15,9/12/16,9/26/16,9/19/16 21:07,0,28,college,male
xqd20160190,800,15,9/12/16,9/26/16,9/26/16 09:00,0,42,college,male
xqd20160191,1000,30,9/12/16,10/11/16,9/30/16 14:38,0,32,college,male
xqd20160192,1000,30,9/12/16,10/11/16,10/11/16 13:00,0,30,High School or Below,male
xqd20160193,1000,15,9/12/16,9/26/16,9/14/16 20:31,0,25,High School or Below,female
xqd20160194,1000,30,9/12/16,10/11/16,10/11/16 09:00,0,27,High School or Below,female
xqd20160195,800,15,9/12/16,9/26/16,9/24/16 16:15,0,21,college,male
xqd20160196,1000,30,9/12/16,10/11/16,10/10/16 15:49,0,24,college,male
xqd20160197,1000,30,9/12/16,11/10/16,11/10/16 13:00,0,29,college,male
xqd20160198,1000,15,9/12/16,9/26/16,9/23/16 10:32,0,40,college,male
xqd20160199,1000,30,9/12/16,10/11/16,9/30/16 14:03,0,29,High School or Below,male
xqd20160200,1000,30,9/12/16,10/11/16,10/9/16 14:17,0,29,college,male
xqd20160201,1000,15,9/12/16,9/26/16,9/20/16 08:26,0,30,college,male
xqd20160202,1000,30,9/12/16,10/11/16,10/11/16 23:00,0,26,High School or Below,female
xqd20160203,1000,15,9/12/16,9/26/16,9/24/16 20:47,0,36,High School or Below,male
xqd20160204,800,15,9/12/16,9/26/16,9/26/16 16:00,0,27,college,male
xqd20160205,1000,30,9/12/16,10/11/16,10/11/16 09:01,0,20,college,male
xqd20160206,1000,7,9/12/16,9/18/16,9/16/16 14:52,0,26,Bechalor,female
xqd20160207,1000,30,9/12/16,11/10/16,11/10/16 13:00,0,26,college,male
xqd20160208,1000,30,9/12/16,10/11/16,10/9/16 10:00,0,27,college,male
xqd20160209,300,7,9/12/16,9/18/16,9/12/16 14:40,0,23,High School or Below,male
xqd20160210,1000,30,9/12/16,10/11/16,10/11/16 16:00,0,39,High School or Below,male
xqd20160211,1000,15,9/12/16,9/26/16,9/23/16 21:58,0,27,High School or Below,male
xqd20160212,1000,30,9/12/16,10/11/16,10/8/16 18:48,0,30,High School or Below,male
xqd20160213,1000,30,9/12/16,10/11/16,10/10/16 16:41,0,33,High School or Below,female
xqd20160214,1000,30,9/12/16,10/11/16,10/11/16 13:01,0,27,High School or Below,male
xqd20160215,1000,30,9/12/16,10/11/16,9/16/16 02:34,0,35,High School or Below,male
xqd20160216,1000,30,9/12/16,11/10/16,11/10/16 16:00,0,29,college,female
xqd20160217,1000,15,9/12/16,9/26/16,9/21/16 08:11,0,50,High School or Below,male
xqd20160218,800,15,9/12/16,9/26/16,9/26/16 09:00,0,31,High School or Below,female
xqd20160219,1000,15,9/12/16,9/26/16,9/26/16 13:00,0,31,High School or Below,male
xqd20160220,1000,30,9/12/16,10/11/16,10/11/16 13:01,0,29,High School or Below,male
xqd20160221,1000,15,9/12/16,9/26/16,9/26/16 23:00,0,35,college,male
xqd20160222,1000,30,9/12/16,10/11/16,10/11/16 09:01,0,39,college,male
xqd20160223,1000,30,9/12/16,11/10/16,11/10/16 13:00,0,29,college,male
xqd20160224,1000,15,9/12/16,9/26/16,9/26/16 23:00,0,30,High School or Below,male
xqd20160225,1000,30,9/12/16,10/11/16,10/9/16 10:00,0,33,Bechalor,male
xqd20160226,1000,30,9/12/16,10/11/16,10/11/16 13:01,0,26,High School or Below,male
xqd20160227,1000,15,9/12/16,9/26/16,9/23/16 14:01,0,25,High School or Below,male
xqd20160228,800,15,9/12/16,9/26/16,9/25/16 13:29,0,37,Bechalor,male
xqd20160229,800,15,9/12/16,9/26/16,9/25/16 14:50,0,26,High School or Below,male
xqd20160230,800,15,9/12/16,9/26/16,9/26/16 09:00,0,26,college,male
xqd20160231,1000,15,9/12/16,10/26/16,10/26/16 09:00,0,27,college,male
xqd20160232,1000,7,9/12/16,9/25/16,9/25/16 09:01,0,34,college,female
xqd20160233,1000,30,9/12/16,10/11/16,10/8/16 15:35,0,37,college,male
xqd20160234,1000,30,9/12/16,10/11/16,10/11/16 16:01,0,36,High School or Below,male
xqd20160235,800,15,9/12/16,9/26/16,9/26/16 19:35,0,33,High School or Below,male
xqd20160236,1000,30,9/12/16,10/11/16,10/9/16 21:28,0,30,High School or Below,male
xqd20160237,1000,30,9/12/16,10/11/16,10/7/16 16:45,0,30,college,male
xqd20160238,800,15,9/12/16,9/26/16,9/24/16 12:13,0,36,High School or Below,male
xqd20160239,1000,15,9/12/16,10/11/16,10/11/16 09:01,0,29,college,male
xqd20160240,1000,15,9/12/16,9/26/16,9/14/16 23:02,0,36,High School or Below,male
xqd20160241,1000,30,9/12/16,10/11/16,10/8/16 11:03,0,32,High School or Below,male
xqd20160242,1000,15,9/12/16,9/26/16,9/26/16 09:00,0,29,High School or Below,female
xqd20160243,800,15,9/12/16,9/26/16,9/26/16 23:00,0,36,Bechalor,male
xqd20160244,800,15,9/12/16,9/26/16,9/25/16 19:31,0,30,High School or Below,female
xqd20160245,1000,7,9/13/16,9/19/16,9/14/16 19:48,0,31,college,male
xqd20160246,1000,30,9/13/16,10/12/16,10/12/16 23:00,0,19,High School or Below,female
xqd20160247,800,15,9/13/16,9/27/16,9/25/16 12:48,0,26,college,male
xqd20160248,800,15,9/13/16,9/27/16,9/26/16 21:18,0,34,High School or Below,male
xqd20160249,1000,30,9/13/16,10/12/16,10/7/16 10:22,0,35,High School or Below,male
xqd20160250,1000,15,9/13/16,9/27/16,9/26/16 06:17,0,35,Bechalor,female
xqd20160251,800,15,9/13/16,9/27/16,9/22/16 16:57,0,38,college,male
xqd20160252,1000,30,9/13/16,10/12/16,10/9/16 21:57,0,29,college,male
xqd20160253,1000,30,9/13/16,10/12/16,10/4/16 12:59,0,28,High School or Below,male
xqd20160254,500,7,9/13/16,9/19/16,9/17/16 20:51,0,22,High School or Below,male
xqd20160255,1000,30,9/13/16,10/12/16,10/12/16 23:00,0,32,college,male
xqd20160256,1000,30,9/13/16,10/12/16,10/8/16 15:51,0,31,college,male
xqd20160257,800,15,9/13/16,9/27/16,9/27/16 09:00,0,28,college,male
xqd20160258,1000,15,9/13/16,9/27/16,9/27/16 09:00,0,37,college,female
xqd20160259,1000,7,9/13/16,9/19/16,9/16/16 15:57,0,25,college,male
xqd20160260,1000,30,9/13/16,10/12/16,10/12/16 09:00,0,19,High School or Below,male
xqd20160261,800,15,9/13/16,9/27/16,9/26/16 07:48,0,51,college,male
xqd20160262,1000,15,9/13/16,9/27/16,9/21/16 16:53,0,29,High School or Below,male
xqd20160263,800,30,9/13/16,10/12/16,10/11/16 00:29,0,23,college,female
xqd20160264,1000,15,9/13/16,9/27/16,9/25/16 10:37,0,30,High School or Below,male
xqd20160265,800,15,9/13/16,9/27/16,9/27/16 13:00,0,23,college,male
xqd20160266,1000,15,9/13/16,9/27/16,9/26/16 15:10,0,34,Bechalor,female
xqd20160267,800,15,9/13/16,9/27/16,9/24/16 12:46,0,31,Bechalor,female
xqd20160268,1000,15,9/14/16,9/28/16,9/28/16 09:00,0,24,High School or Below,male
xqd20160269,1000,30,9/14/16,10/13/16,10/13/16 09:00,0,42,High School or Below,male
xqd20160270,800,30,9/14/16,10/13/16,10/6/16 12:09,0,40,college,female
xqd20160271,1000,30,9/14/16,10/13/16,10/14/16 11:03,1,29,High School or Below,male
xqd20160272,1000,30,9/14/16,10/13/16,10/8/16 17:12,0,32,college,female
xqd20160273,1000,30,9/14/16,11/12/16,11/12/16 09:00,0,28,college,male
xqd20160274,1000,30,9/14/16,10/13/16,10/13/16 09:00,0,35,High School or Below,male
xqd20160275,1000,30,9/14/16,10/13/16,10/13/16 13:00,0,30,Bechalor,male
xqd20160276,800,15,9/14/16,9/28/16,9/27/16 15:52,0,44,college,male
xqd20160277,800,15,9/14/16,9/28/16,9/28/16 13:00,0,37,High School or Below,male
xqd20160278,1000,30,9/14/16,10/13/16,10/13/16 09:00,0,31,college,male
xqd20160279,800,15,9/14/16,9/28/16,9/15/16 00:43,0,36,college,male
xqd20160280,800,30,9/14/16,10/13/16,10/10/16 10:25,0,31,college,male
xqd20160281,800,15,9/14/16,9/28/16,9/27/16 20:41,0,42,High School or Below,male
xqd20160282,1000,15,9/14/16,9/28/16,9/28/16 09:00,0,28,Bechalor,male
xqd20160283,1000,30,9/14/16,10/13/16,10/6/16 06:51,0,30,college,male
xqd20160284,1000,30,9/14/16,10/13/16,10/12/16 06:25,0,30,High School or Below,male
xqd20160285,1000,15,9/14/16,9/28/16,9/27/16 22:50,0,24,Bechalor,male
xqd20160286,1000,30,9/14/16,11/12/16,11/12/16 09:00,0,34,Bechalor,male
xqd20160287,1000,30,9/14/16,10/13/16,10/12/16 12:30,0,29,college,male
xqd20160288,1000,30,9/14/16,10/13/16,10/12/16 03:49,0,38,High School or Below,female
xqd20160289,1000,30,9/14/16,10/13/16,10/13/16 13:00,0,34,Bechalor,male
xqd20160290,800,15,9/14/16,9/28/16,9/27/16 07:48,0,28,High School or Below,male
xqd20160291,1000,15,9/14/16,9/28/16,9/22/16 09:28,0,30,college,female
xqd20160292,1000,30,9/14/16,10/13/16,10/11/16 16:33,0,41,High School or Below,male
xqd20160293,1000,30,9/14/16,10/13/16,9/18/16 16:56,0,29,college,male
xqd20160294,1000,30,9/14/16,10/13/16,10/13/16 09:00,0,37,High School or Below,male
xqd20160295,1000,30,9/14/16,10/13/16,10/13/16 13:00,0,36,Bechalor,male
xqd20160296,1000,30,9/14/16,10/13/16,10/13/16 13:00,0,30,college,female
xqd20160297,800,15,9/14/16,9/28/16,9/21/16 04:42,0,27,college,male
xqd20160298,1000,30,9/14/16,10/13/16,10/13/16 09:00,0,29,High School or Below,male
xqd20160299,1000,30,9/14/16,10/13/16,10/13/16 09:00,0,40,High School or Below,male
xqd20160300,1000,30,9/14/16,10/13/16,10/13/16 11:00,0,28,college,male
xqd20160301,1000,15,9/9/16,9/23/16,,692,29,college,male
xqd20160302,1000,30,9/9/16,10/8/16,,677,37,High School or Below,male
xqd20160303,1000,30,9/9/16,10/8/16,,677,33,High School or Below,male
xqd20160304,800,15,9/9/16,9/23/16,,692,27,college,male
xqd20160305,800,15,9/9/16,9/23/16,,692,24,Bechalor,male
xqd20160306,1000,15,9/10/16,9/24/16,,691,31,High School or Below,female
xqd20160307,800,15,9/10/16,10/9/16,,676,28,college,male
xqd20160308,1000,30,9/10/16,10/9/16,,676,40,High School or Below,male
xqd20160309,1000,30,9/10/16,10/9/16,,676,33,college,male
xqd20160310,800,15,9/10/16,9/24/16,,691,41,college,male
xqd20160311,1000,30,9/10/16,10/9/16,,676,30,college,male
xqd20160312,800,15,9/10/16,9/24/16,,691,26,High School or Below,female
xqd20160313,1000,30,9/10/16,10/9/16,,676,27,High School or Below,male
xqd20160314,1000,30,9/10/16,10/9/16,,676,20,High School or Below,male
xqd20160315,1000,30,9/10/16,10/9/16,,676,24,college,male
xqd20160316,1000,15,9/10/16,10/9/16,,676,26,High School or Below,male
xqd20160317,1000,30,9/10/16,10/9/16,,676,30,High School or Below,male
xqd20160318,1000,15,9/10/16,9/24/16,,691,29,High School or Below,male
xqd20160319,1000,30,9/10/16,10/9/16,,676,22,Bechalor,male
xqd20160320,1000,15,9/10/16,9/24/16,,691,24,Bechalor,male
xqd20160321,1000,30,9/10/16,10/9/16,,676,25,college,male
xqd20160322,1000,30,9/10/16,10/9/16,,676,28,High School or Below,male
xqd20160323,1000,30,9/10/16,10/9/16,,676,37,college,male
xqd20160324,800,15,9/10/16,9/24/16,,691,32,college,male
xqd20160325,1000,15,9/10/16,9/24/16,,691,34,college,male
xqd20160326,1000,30,9/11/16,10/10/16,,675,28,Bechalor,male
xqd20160327,800,15,9/11/16,9/25/16,,690,35,Bechalor,male
xqd20160328,1000,30,9/11/16,11/9/16,,645,27,college,male
xqd20160329,1000,30,9/11/16,10/10/16,,675,24,High School or Below,female
xqd20160330,1000,30,9/11/16,10/10/16,,675,44,Bechalor,male
xqd20160331,1000,15,9/11/16,10/25/16,,660,31,college,male
xqd20160332,800,15,9/11/16,9/25/16,,690,27,college,male
xqd20160333,1000,30,9/11/16,10/10/16,,675,21,High School or Below,male
xqd20160334,1000,30,9/11/16,10/10/16,,675,30,High School or Below,female
xqd20160335,1000,30,9/11/16,10/10/16,,675,38,college,female
xqd20160336,1000,30,9/11/16,10/10/16,,675,34,High School or Below,male
xqd20160337,1000,30,9/11/16,10/10/16,,675,31,college,male
xqd20160338,1000,30,9/11/16,10/10/16,,675,23,High School or Below,male
xqd20160339,1000,15,9/11/16,9/25/16,,690,27,college,female
xqd20160340,1000,15,9/11/16,9/25/16,,690,39,High School or Below,male
xqd20160341,1000,30,9/11/16,10/10/16,,675,30,High School or Below,female
xqd20160342,1000,30,9/11/16,10/10/16,,675,25,college,male
xqd20160343,1000,15,9/11/16,9/25/16,,690,50,Master or Above,male
xqd20160344,1000,30,9/11/16,10/10/16,,675,23,High School or Below,male
xqd20160345,800,15,9/11/16,9/25/16,,690,38,Bechalor,male
xqd20160346,1000,30,9/11/16,10/10/16,,675,27,High School or Below,male
xqd20160347,1000,30,9/11/16,11/9/16,,645,31,High School or Below,male
xqd20160348,800,15,9/11/16,9/25/16,,690,40,college,male
xqd20160349,1000,30,9/11/16,10/10/16,,675,32,High School or Below,male
xqd20160350,800,15,9/11/16,9/25/16,,690,29,college,male
xqd20160351,1000,30,9/11/16,10/10/16,,675,26,High School or Below,male
xqd20160352,1000,15,9/11/16,9/25/16,,690,25,college,male
xqd20160353,1000,30,9/11/16,10/10/16,,675,35,High School or Below,male
xqd20160354,1000,30,9/11/16,10/10/16,,675,41,High School or Below,male
xqd20160355,1000,30,9/11/16,10/10/16,,675,37,High School or Below,male
xqd20160356,1000,15,9/11/16,10/10/16,,675,34,college,male
xqd20160357,1000,30,9/11/16,10/10/16,,675,45,High School or Below,male
xqd20160358,1000,30,9/11/16,10/10/16,,675,26,Bechalor,male
xqd20160359,1000,30,9/11/16,10/10/16,,675,32,college,male
xqd20160360,1000,30,9/11/16,10/10/16,,675,28,High School or Below,male
xqd20160361,1000,30,9/11/16,10/10/16,,675,34,college,male
xqd20160362,800,15,9/11/16,9/25/16,,690,29,High School or Below,male
xqd20160363,1000,30,9/11/16,10/10/16,,675,26,High School or Below,male
xqd20160364,1000,15,9/11/16,9/25/16,,690,26,college,male
xqd20160365,800,15,9/11/16,9/25/16,,690,22,college,male
xqd20160366,1000,30,9/11/16,10/10/16,,675,27,High School or Below,female
xqd20160367,800,30,9/11/16,10/10/16,,675,33,High School or Below,male
xqd20160368,800,15,9/11/16,9/25/16,,690,28,Bechalor,male
xqd20160369,1000,30,9/11/16,10/10/16,,675,24,college,male
xqd20160370,1000,30,9/11/16,10/10/16,,675,37,High School or Below,male
xqd20160371,800,15,9/11/16,9/25/16,,690,36,High School or Below,male
xqd20160372,1000,30,9/11/16,10/10/16,,675,18,college,male
xqd20160373,800,15,9/11/16,9/25/16,,690,25,High School or Below,male
xqd20160374,1000,15,9/11/16,9/25/16,,690,40,High School or Below,male
xqd20182575,1000,30,9/11/16,10/10/16,,675,29,college,male
xqd20160376,800,15,9/11/16,9/25/16,,690,26,High School or Below,female
xqd20151038,1000,15,9/11/16,9/25/16,,690,30,college,male
xqd20160378,1000,30,9/11/16,10/10/16,,675,33,college,male
xqd20197340,1000,30,9/11/16,10/10/16,,675,30,college,male
xqd20160380,1000,30,9/11/16,10/10/16,,675,32,college,male
xqd20160381,1000,30,9/11/16,10/10/16,,675,25,High School or Below,male
xqd20160382,800,15,9/11/16,9/25/16,,690,35,High School or Below,male
xqd20175721,1000,15,9/11/16,9/25/16,,690,30,Bechalor,male
xqd20160384,1000,30,9/11/16,10/10/16,,675,26,High School or Below,male
xqd20160385,1000,30,9/11/16,10/10/16,,675,29,High School or Below,male
xqd20160386,1000,30,9/11/16,11/9/16,,645,26,High School or Below,male
xqd20160387,800,15,9/11/16,9/25/16,,690,46,High School or Below,male
xqd20160388,1000,30,9/11/16,10/10/16,,675,36,High School or Below,male
xqd20160389,1000,15,9/11/16,9/25/16,,690,38,Bechalor,male
xqd20160390,1000,15,9/11/16,10/25/16,,660,32,High School or Below,male
xqd20160391,1000,15,9/11/16,9/25/16,,690,30,college,male
xqd20125284,800,15,9/11/16,9/25/16,,690,35,High School or Below,male
xqd20160393,1000,30,9/11/16,10/10/16,,675,29,college,female
xqd20160394,1000,30,9/11/16,11/9/16,,645,26,college,male
xqd20160395,800,15,9/11/16,9/25/16,,690,32,High School or Below,male
xqd20160396,1000,30,9/11/16,10/10/16,,675,25,High School or Below,male
xqd20160397,1000,30,9/12/16,10/11/16,,674,33,High School or Below,male
xqd20160398,800,15,9/12/16,9/26/16,,689,39,college,male
xqd20160399,1000,30,9/12/16,11/10/16,,644,28,college,male
xqd20160400,1000,30,9/12/16,10/11/16,,674,26,college,male
xqd20160401,1000,30,9/9/16,10/8/16,10/10/16 11:45,2,26,college,male
xqd20160402,1000,15,9/9/16,9/23/16,9/27/16 17:00,4,28,college,male
xqd20320403,1000,30,9/9/16,11/7/16,11/20/16 14:10,13,39,college,male
xqd20160404,1000,15,9/9/16,9/23/16,9/28/16 15:38,5,29,Bechalor,male
xqd20190405,800,15,9/9/16,9/23/16,9/26/16 17:22,3,33,High School or Below,male
xqd20160406,1000,30,9/10/16,10/9/16,10/21/16 14:00,12,27,college,male
xqd20160407,800,15,9/10/16,9/24/16,9/26/16 11:03,2,34,college,male
xqd20160408,1000,30,9/10/16,10/9/16,11/5/16 15:39,27,26,High School or Below,male
xqd20110409,1000,30,9/10/16,10/9/16,11/22/16 15:53,44,28,High School or Below,male
xqd20160410,1000,15,9/10/16,9/24/16,9/29/16 10:30,5,32,Bechalor,male
xqd20160411,800,15,9/10/16,10/9/16,10/10/16 15:18,1,27,college,female
xqd20160412,1000,30,9/10/16,10/9/16,11/5/16 10:49,27,21,college,male
xqd20160413,800,15,9/11/16,9/25/16,9/27/16 17:10,2,39,college,male
xqd20169083,1000,15,9/11/16,9/25/16,9/26/16 11:35,1,38,college,male
xqd20160415,1000,30,9/11/16,10/10/16,10/12/16 09:59,2,36,High School or Below,female
xqd20160416,800,15,9/11/16,9/25/16,9/27/16 17:14,2,33,college,male
xqd20160417,1000,30,9/11/16,10/10/16,10/11/16 12:45,1,21,college,female
xqd20160418,800,15,9/11/16,9/25/16,9/28/16 11:38,3,25,High School or Below,male
xqd20160419,800,15,9/11/16,9/25/16,10/7/16 13:21,12,29,college,male
xqd20160420,1000,30,9/11/16,10/10/16,11/4/16 15:37,25,33,High School or Below,male
xqd20160421,1000,15,9/11/16,9/25/16,9/28/16 17:39,3,47,High School or Below,female
xqd20160422,1000,30,9/11/16,10/10/16,10/12/16 09:52,2,33,college,male
xqd20160423,800,15,9/11/16,9/25/16,9/29/16 15:12,4,23,High School or Below,male
xqd20160424,1000,15,9/11/16,10/10/16,10/12/16 11:17,2,24,college,male
xqd20880425,1000,30,9/11/16,11/9/16,11/10/16 22:58,1,27,High School or Below,male
xqd20160426,1000,30,9/11/16,10/10/16,11/3/16 15:23,24,32,Bechalor,male
xqd20160427,1000,30,9/11/16,10/10/16,10/11/16 16:44,1,33,college,male
xqd20160428,1000,30,9/11/16,10/10/16,10/11/16 11:02,1,27,college,female
xqd20160429,1000,30,9/11/16,10/10/16,10/12/16 13:17,2,35,High School or Below,male
xqd20160430,500,15,9/11/16,10/10/16,10/11/16 17:22,1,37,Bechalor,male
xqd20160431,800,15,9/11/16,9/25/16,9/28/16 14:02,3,28,Bechalor,male
xqd20160432,1000,15,9/11/16,9/25/16,9/29/16 13:42,4,33,college,male
xqd20160433,800,7,9/11/16,9/17/16,9/19/16 15:00,2,34,Bechalor,female
xqd20160434,1000,30,9/11/16,10/10/16,10/12/16 14:32,2,29,college,male
xqd20160435,1000,30,9/11/16,10/10/16,10/11/16 11:33,1,34,Bechalor,male
xqd20160436,1000,30,9/11/16,10/10/16,10/11/16 16:27,1,29,Bechalor,male
xqd20790437,1000,30,9/11/16,10/10/16,11/15/16 15:27,36,24,High School or Below,male
xqd20160438,1000,30,9/11/16,10/10/16,10/11/16 16:13,1,34,High School or Below,male
xqd20160439,1000,30,9/11/16,10/10/16,10/17/16 10:06,7,25,college,female
xqd20160440,1000,30,9/11/16,11/9/16,11/14/16 13:15,5,24,college,male
xqd20160441,1000,30,9/11/16,10/10/16,10/24/16 16:20,14,30,college,male
xqd20160442,1000,15,9/11/16,9/25/16,9/27/16 16:35,2,28,college,male
xqd20160443,1000,30,9/11/16,10/10/16,10/11/16 11:48,1,24,High School or Below,male
xqd20160444,1000,30,9/11/16,10/10/16,11/7/16 19:21,28,26,college,female
xqd20160445,1000,30,9/11/16,10/10/16,10/12/16 16:22,2,24,High School or Below,male
xqd20160446,1000,15,9/11/16,9/25/16,9/27/16 17:24,2,29,college,male
xqd20420447,1000,30,9/11/16,10/10/16,11/4/16 11:07,25,31,college,male
xqd20160448,1000,30,9/11/16,10/10/16,11/2/16 09:39,23,26,college,male
xqd20160449,1000,30,9/11/16,10/10/16,10/13/16 18:18,3,25,High School or Below,male
xqd20160450,1000,30,9/11/16,10/10/16,10/11/16 11:29,1,29,college,male
xqd20160451,1000,30,9/11/16,10/10/16,10/13/16 16:27,3,38,college,male
xqd20160452,800,15,9/11/16,9/25/16,9/29/16 11:19,4,41,college,male
xqd20390453,1000,15,9/11/16,9/25/16,9/28/16 11:17,3,26,High School or Below,male
xqd20160454,1000,30,9/12/16,10/11/16,10/14/16 11:04,3,26,High School or Below,male
xqd20160455,1000,30,9/12/16,10/11/16,10/17/16 17:40,6,35,High School or Below,male
xqd20160456,1000,15,9/12/16,9/26/16,9/28/16 09:42,2,37,college,male
xqd20160457,1000,30,9/12/16,10/11/16,11/18/16 15:52,38,25,college,male
xqd20160458,1000,30,9/12/16,10/11/16,10/30/16 14:19,19,24,college,male
xqd20160459,1000,30,9/12/16,10/11/16,10/13/16 15:10,2,34,college,male
xqd20160460,800,15,9/12/16,9/26/16,9/28/16 13:36,2,33,college,male
xqd20490461,800,15,9/12/16,9/26/16,9/28/16 15:34,2,38,Bechalor,male
xqd20160462,1000,30,9/12/16,11/10/16,11/17/16 11:55,7,38,High School or Below,male
xqd20160463,1000,30,9/12/16,11/10/16,11/15/16 18:51,5,26,college,male
xqd20870464,1000,15,9/12/16,9/26/16,9/30/16 10:23,4,37,Bechalor,male
xqd20160465,1000,30,9/12/16,11/10/16,11/11/16 17:17,1,42,High School or Below,female
xqd20169466,1000,30,9/12/16,10/11/16,10/12/16 12:54,1,49,High School or Below,female
xqd20160467,1000,30,9/12/16,10/11/16,10/15/16 09:48,4,26,High School or Below,male
xqd20160468,1000,15,9/12/16,10/26/16,10/27/16 11:14,1,41,High School or Below,male
xqd20160469,1000,30,9/12/16,10/11/16,10/15/16 14:14,4,38,High School or Below,male
xqd25660470,1000,30,9/12/16,10/11/16,12/2/16 09:45,52,26,High School or Below,male
xqd20160471,1000,15,9/12/16,9/26/16,9/28/16 15:02,2,32,High School or Below,male
xqd20160472,1000,30,9/12/16,10/11/16,11/4/16 14:46,24,27,Bechalor,male
xqd20160473,800,15,9/12/16,9/26/16,11/16/16 12:12,51,33,college,male
xqd20160474,1000,30,9/12/16,10/11/16,10/14/16 19:02,3,30,High School or Below,male
xqd20160475,800,15,9/12/16,9/26/16,9/28/16 11:34,2,26,High School or Below,female
xqd20160476,1000,30,9/12/16,10/11/16,11/9/16 18:12,29,35,college,female
xqd20160477,800,15,9/12/16,10/26/16,10/31/16 13:07,5,46,college,female
xqd20160478,1000,30,9/12/16,10/11/16,10/20/16 17:38,9,27,college,male
xqd20160479,1000,15,9/12/16,10/11/16,11/7/16 08:55,27,22,High School or Below,male
xqd20160480,1000,30,9/12/16,10/11/16,10/12/16 18:26,1,27,Bechalor,male
xqd20160481,1000,15,9/12/16,9/26/16,10/25/16 13:44,29,30,Bechalor,male
xqd20160482,1000,15,9/12/16,9/26/16,9/29/16 15:07,3,27,High School or Below,male
xqd20160483,800,15,9/12/16,9/26/16,9/27/16 11:40,1,47,college,male
xqd20160484,1000,30,9/12/16,10/11/16,10/18/16 19:08,7,30,college,male
xqd20160485,1000,30,9/12/16,10/11/16,10/15/16 09:23,4,26,college,male
xqd20160486,1000,30,9/12/16,10/11/16,10/14/16 10:07,3,38,High School or Below,male
xqd20160487,800,15,9/12/16,9/26/16,11/21/16 11:36,56,46,High School or Below,male
xqd20160488,1000,30,9/12/16,10/11/16,10/13/16 12:02,2,35,Bechalor,male
xqd20160489,1000,15,9/12/16,9/26/16,10/9/16 19:30,13,45,college,male
xqd20160490,1000,30,9/12/16,10/11/16,10/12/16 18:04,1,36,college,male
xqd20160491,1000,30,9/12/16,10/11/16,10/17/16 10:53,6,38,High School or Below,male
xqd20160492,1000,30,9/12/16,10/11/16,11/9/16 13:41,29,27,college,male
xqd20160493,1000,30,9/12/16,10/11/16,10/25/16 17:44,14,27,Bechalor,male
xqd20160494,1000,15,9/12/16,9/26/16,9/29/16 12:45,3,29,college,male
xqd20160495,1000,30,9/12/16,10/11/16,10/13/16 14:45,2,30,High School or Below,male
xqd20160496,1000,30,9/12/16,10/11/16,10/14/16 19:08,3,28,High School or Below,male
xqd20160497,1000,15,9/12/16,9/26/16,10/10/16 20:02,14,26,High School or Below,male
xqd20160498,800,15,9/12/16,9/26/16,9/29/16 11:49,3,30,college,male
xqd20160499,1000,30,9/12/16,11/10/16,11/11/16 22:40,1,38,college,female
xqd20160500,1000,30,9/12/16,10/11/16,10/19/16 11:58,8,28,High School or Below,male